id,demographic_id,age,education,gender,ethnicity,family_ratio,income,in_household,household_id,relationship
d31_372,retired,75,4,1,0,0.3,884,True,d31_hh75,head
d22_77,affluent_professional,38,5,0,0,0.6,49982,True,d22_hh218,head
d22_328,retired,74,3,1,0,0.3,23681,True,d22_hh218,partner
d135_458,farmer_agricultural,44,4,1,0,0.75,22784,True,d135_hh265,head
d135_97,working_class,49,2,0,0,0.65,32809,True,d135_hh265,partner
d149_416,working_class,45,0,0,0,0.65,21090,True,d149_hh138,head
d149_231,middle_class,35,5,1,0,0.7,22137,True,d149_hh138,partner
d216_246,farmer_agricultural,54,1,1,0,0.75,23937,True,d216_hh69,head
d216_509,farmer_agricultural,33,2,0,0,0.75,17309,True,d216_hh69,partner
d216_123,retired,79,0,0,0,0.3,35280,True,d216_hh69,partner
d216_156,retired,74,6,0,0,0.3,18865,True,d216_hh69,partner
d4_390,middle_class,44,0,0,0,0.7,43353,True,d4_hh39,head
d62_113,retired,89,4,0,0,0.3,25009,True,d62_hh35,head
d62_99,rural_worker,37,2,1,0,0.7,23589,True,d62_hh35,partner
d78_294,rural_worker,42,1,0,0,0.7,24716,True,d78_hh91,head
d78_483,farmer_agricultural,57,0,1,0,0.75,23264,True,d78_hh91,partner
d39_103,middle_class,35,3,0,0,0.7,49756,True,d39_hh57,head
d39_194,middle_class,47,6,1,0,0.7,7021,True,d39_hh57,partner
d12_429,rural_worker,41,1,1,0,0.7,19721,True,d12_hh185,head
d12_257,working_class,49,3,0,0,0.65,23910,True,d12_hh185,partner
d15_540,farmer_agricultural,55,1,0,0,0.75,26735,True,d15_hh130,head
d15_507,working_class,33,4,1,0,0.65,25737,True,d15_hh130,partner
d209_465,farmer_agricultural,59,1,0,0,0.75,9497,True,d209_hh141,head
d209_384,rural_worker,35,1,0,0,0.7,14726,True,d209_hh141,partner
d107_345,working_class,48,3,1,0,0.65,9493,True,d107_hh115,head
d107_240,working_class,48,0,1,0,0.65,26474,True,d107_hh115,partner
d19_111,middle_class,37,3,1,0,0.7,49102,True,d19_hh259,head
d19_265,affluent_professional,43,7,1,0,0.6,62421,True,d19_hh259,partner
d54_513,working_class,53,1,0,0,0.65,22911,True,d54_hh104,head
d54_98,middle_class,33,6,0,0,0.7,49612,True,d54_hh104,partner
d210_101,rural_worker,41,2,1,0,0.7,24840,True,d210_hh250,head
d210_273,rural_worker,35,2,0,0,0.7,21617,True,d210_hh250,partner
d88_271,affluent_professional,44,4,1,0,0.6,39101,True,d88_hh210,head
d88_133,farmer_agricultural,44,0,0,0,0.75,49010,True,d88_hh210,partner
d196_362,rural_worker,42,2,0,0,0.7,27032,True,d196_hh24,head
d196_76,middle_class,47,5,1,0,0.7,45911,True,d196_hh24,partner
d134_316,farmer_agricultural,52,2,1,0,0.75,26349,True,d134_hh237,head
d134_481,farmer_agricultural,68,1,1,0,0.75,9074,True,d134_hh237,partner
d105_201,working_class,56,2,1,0,0.65,32279,True,d105_hh197,head
d105_272,rural_worker,44,1,1,0,0.7,22112,True,d105_hh197,partner
d106_319,affluent_professional,43,4,0,0,0.6,29695,True,d106_hh178,head
d106_348,middle_class,37,3,0,0,0.7,52402,True,d106_hh178,partner
d125_23,working_class,49,4,1,0,0.65,29366,True,d125_hh82,head
d112_446,retired,74,2,0,0,0.3,34933,True,d112_hh37,head
d112_139,rural_worker,53,2,1,0,0.7,46339,True,d112_hh37,partner
d78_63,rural_worker,49,2,1,0,0.7,14991,True,d78_hh216,head
d78_115,farmer_agricultural,44,1,1,0,0.75,18807,True,d78_hh216,partner
d207_398,middle_class,26,7,0,0,0.7,26052,True,d207_hh265,head
d207_520,rural_worker,36,2,0,0,0.7,20119,True,d207_hh265,partner
d95_515,retired,72,0,0,0,0.3,31143,True,d95_hh10,head
d95_55,retired,49,2,1,0,0.3,32842,True,d95_hh10,partner
d157_357,retired,74,4,1,0,0.3,12261,True,d157_hh177,head
d157_172,middle_class,42,5,0,0,0.7,57578,True,d157_hh177,partner
d184_370,working_class,40,2,1,0,0.65,21571,True,d184_hh201,head
d184_349,middle_class,53,3,1,0,0.7,46756,True,d184_hh201,partner
d156_376,farmer_agricultural,48,2,0,0,0.75,3596,True,d156_hh253,head
d156_155,working_class,55,4,0,0,0.65,32364,True,d156_hh253,partner
d198_20,farmer_agricultural,41,1,1,0,0.75,21154,True,d198_hh65,head
d198_445,working_class,52,3,1,0,0.65,23139,True,d198_hh65,partner
d155_26,farmer_agricultural,52,1,1,0,0.75,43406,True,d155_hh67,head
d155_6,farmer_agricultural,56,0,1,0,0.75,38141,True,d155_hh67,partner
d167_200,farmer_agricultural,29,2,1,0,0.75,46942,True,d167_hh225,head
d167_403,middle_class,51,4,0,0,0.7,26438,True,d167_hh225,partner
d120_135,rural_worker,40,0,0,0,0.7,25069,True,d120_hh168,head
d120_132,rural_worker,35,1,0,0,0.7,26127,True,d120_hh168,partner
d49_334,retired,62,3,0,0,0.3,1008,True,d49_hh51,head
d49_11,middle_class,67,7,1,0,0.7,35787,True,d49_hh51,partner
d116_277,rural_worker,46,1,1,0,0.7,25078,True,d116_hh221,head
d116_252,working_class,38,3,0,0,0.65,18522,True,d116_hh221,partner
d94_440,working_class,30,2,0,0,0.65,24843,True,d94_hh70,head
d134_172,working_class,59,3,1,0,0.65,29508,True,d134_hh225,head
d134_24,retired,67,4,1,0,0.3,17090,True,d134_hh225,partner
d118_235,retired,52,4,1,0,0.3,11173,True,d118_hh213,head
d98_312,middle_class,39,6,0,0,0.7,33355,True,d98_hh87,head
d5_117,rural_worker,35,2,0,0,0.7,12397,True,d5_hh211,head
d5_385,rural_worker,27,2,0,0,0.7,21604,True,d5_hh211,partner
d20_60,working_class,53,3,0,0,0.65,33899,True,d20_hh243,head
d20_180,affluent_professional,37,6,0,0,0.6,65970,True,d20_hh243,partner
d219_288,farmer_agricultural,65,0,1,0,0.75,32368,True,d219_hh172,head
d219_384,farmer_agricultural,40,0,1,0,0.75,37235,True,d219_hh172,partner
d127_432,affluent_professional,41,4,1,0,0.6,45175,True,d127_hh111,head
d127_425,farmer_agricultural,57,2,0,0,0.75,45547,True,d127_hh111,partner
d133_298,working_class,53,2,0,0,0.65,30047,True,d133_hh102,head
d133_93,middle_class,54,3,1,0,0.7,47765,True,d133_hh102,partner
d64_212,retired,61,5,1,0,0.3,18570,True,d64_hh216,head
d64_83,affluent_professional,41,5,1,0,0.6,67148,True,d64_hh216,partner
d179_154,retired,63,2,0,0,0.3,19913,True,d179_hh71,head
d179_9,middle_class,54,7,1,0,0.7,39231,True,d179_hh71,partner
d146_348,rural_worker,30,0,0,0,0.7,12051,True,d146_hh267,head
d146_131,rural_worker,43,1,1,0,0.7,19300,True,d146_hh267,partner
d200_77,retired,73,3,0,0,0.3,23143,True,d200_hh271,head
d144_107,farmer_agricultural,45,1,0,0,0.75,26090,True,d144_hh72,head
d144_245,middle_class,40,4,0,0,0.7,41925,True,d144_hh72,partner
d129_198,rural_worker,47,1,0,0,0.7,24493,True,d129_hh82,head
d129_221,farmer_agricultural,46,3,0,0,0.75,22824,True,d129_hh82,partner
d39_467,middle_class,38,4,1,0,0.7,55356,True,d39_hh41,head
d39_349,student,20,6,0,0,0.05,18530,True,d39_hh41,partner
d61_125,working_class,48,2,0,0,0.65,18687,True,d61_hh173,head
d61_411,working_class,62,3,0,0,0.65,24291,True,d61_hh173,partner
d193_78,rural_worker,54,0,1,0,0.7,24689,True,d193_hh145,head
d127_219,working_class,44,2,1,0,0.65,21193,True,d127_hh201,head
d127_416,retired,76,4,0,0,0.3,35041,True,d127_hh201,partner
d144_149,farmer_agricultural,47,2,0,0,0.75,29276,True,d144_hh158,head
d144_194,working_class,42,0,0,0,0.65,21648,True,d144_hh158,partner
d136_269,retired,63,4,0,0,0.3,16172,True,d136_hh290,head
d136_373,retired,72,4,0,0,0.3,14468,True,d136_hh290,partner
d92_100,working_class,59,2,1,0,0.65,25314,True,d92_hh136,head
d124_336,rural_worker,51,1,1,0,0.7,37980,True,d124_hh238,head
d124_156,rural_worker,30,1,0,0,0.7,21167,True,d124_hh238,partner
d62_232,affluent_professional,33,7,1,0,0.6,60304,True,d62_hh17,head
d62_127,rural_worker,54,1,1,0,0.7,14314,True,d62_hh17,partner
d116_182,rural_worker,34,0,0,0,0.7,22791,True,d116_hh215,head
d116_195,retired,67,3,1,0,0.3,10245,True,d116_hh215,partner
d86_514,retired,64,2,0,0,0.3,25856,True,d86_hh239,head
d23_58,working_class,46,2,1,0,0.65,27047,True,d23_hh99,head
d36_493,working_class,53,3,0,0,0.65,39798,True,d36_hh80,head
d36_268,rural_worker,25,3,1,0,0.7,28533,True,d36_hh80,partner
d80_481,retired,70,4,0,0,0.3,27241,True,d80_hh89,head
d80_391,retired,65,5,0,0,0.3,34936,True,d80_hh89,partner
d80_241,farmer_agricultural,90,1,0,0,0.75,18256,True,d80_hh89,partner
d201_190,rural_worker,46,1,1,0,0.7,17548,True,d201_hh172,head
d201_61,working_class,50,2,1,0,0.65,22293,True,d201_hh172,partner
d83_75,retired,69,4,0,0,0.3,52778,True,d83_hh229,head
d108_119,middle_class,45,5,0,0,0.7,63825,True,d108_hh171,head
d108_343,low_income,42,2,0,0,0.5,6622,True,d108_hh171,partner
d194_198,farmer_agricultural,37,0,0,0,0.75,12468,True,d194_hh62,head
d194_319,retired,70,2,1,0,0.3,29563,True,d194_hh62,partner
d49_237,working_class,48,2,1,0,0.65,26288,True,d49_hh243,head
d49_319,affluent_professional,44,6,1,0,0.6,32817,True,d49_hh243,partner
d132_315,affluent_professional,40,5,0,0,0.6,67404,True,d132_hh115,head
d132_48,young_professional,27,6,0,0,0.2,39774,True,d132_hh115,partner
d64_113,working_class,58,2,0,0,0.65,32649,True,d64_hh93,head
d64_350,farmer_agricultural,49,3,1,0,0.75,1481,True,d64_hh93,partner
d146_187,working_class,17,3,0,0,0.65,21938,True,d146_hh176,head
d30_428,working_class,39,3,0,0,0.65,38523,True,d30_hh216,head
d142_426,retired,50,3,1,0,0.3,15465,True,d142_hh252,head
d142_19,affluent_professional,49,5,0,0,0.6,59841,True,d142_hh252,partner
d71_69,working_class,43,3,1,0,0.65,23377,True,d71_hh178,head
d43_122,rural_worker,44,2,1,0,0.7,26158,True,d43_hh97,head
d149_132,middle_class,40,2,0,0,0.7,60073,True,d149_hh171,head
d149_453,working_class,60,5,0,0,0.65,50030,True,d149_hh171,partner
d92_135,middle_class,39,5,0,0,0.7,24013,True,d92_hh14,head
d92_415,rural_worker,49,2,1,0,0.7,23432,True,d92_hh14,partner
d48_75,affluent_professional,52,6,1,0,0.6,57979,True,d48_hh222,head
d48_449,working_class,21,0,0,0,0.65,38747,True,d48_hh222,partner
d41_422,rural_worker,28,1,1,0,0.7,23563,True,d41_hh160,head
d25_212,middle_class,36,3,0,0,0.7,38186,True,d25_hh184,head
d25_287,working_class,22,5,0,0,0.65,27716,True,d25_hh184,partner
d35_12,working_class,49,1,1,0,0.65,21397,True,d35_hh158,head
d35_471,middle_class,47,2,1,0,0.7,23816,True,d35_hh158,partner
d31_405,working_class,53,2,1,0,0.65,28364,True,d31_hh172,head
d31_459,retired,65,1,0,0,0.3,19677,True,d31_hh172,partner
d52_218,working_class,41,2,0,0,0.65,14205,True,d52_hh59,head
d52_27,retired,75,0,0,0,0.3,7771,True,d52_hh59,partner
d84_314,middle_class,26,3,0,0,0.7,31839,True,d84_hh240,head
d84_126,working_class,42,2,1,0,0.65,37218,True,d84_hh240,partner
d124_171,retired,65,3,0,0,0.3,24166,True,d124_hh220,head
d123_436,farmer_agricultural,65,1,0,0,0.75,27415,True,d123_hh178,head
d123_155,retired,76,4,0,0,0.3,22993,True,d123_hh178,partner
d52_298,working_class,53,1,1,0,0.65,28052,True,d52_hh187,head
d52_0,retired,68,3,0,0,0.3,29631,True,d52_hh187,partner
d29_312,middle_class,50,2,0,0,0.7,32021,True,d29_hh263,head
d29_420,middle_class,39,4,1,0,0.7,52554,True,d29_hh263,partner
d20_397,retired,66,1,1,0,0.3,15518,True,d20_hh194,head
d76_66,retired,67,3,0,0,0.3,18610,True,d76_hh195,head
d76_243,retired,79,2,0,0,0.3,20896,True,d76_hh195,partner
d120_247,working_class,42,4,1,0,0.65,36371,True,d120_hh65,head
d120_439,farmer_agricultural,55,1,1,0,0.75,19724,True,d120_hh65,partner
d203_385,affluent_professional,42,7,0,0,0.6,62941,True,d203_hh220,head
d203_319,retired,76,1,0,0,0.3,23515,True,d203_hh220,partner
d215_443,affluent_professional,49,6,1,0,0.6,75968,True,d215_hh4,head
d215_370,retired,68,1,0,0,0.3,29372,True,d215_hh4,partner
d20_216,rural_worker,55,1,0,0,0.7,26904,True,d20_hh113,head
d20_56,middle_class,42,3,1,0,0.7,40169,True,d20_hh113,partner
d212_187,retired,81,2,1,0,0.3,23113,True,d212_hh142,head
d212_396,farmer_agricultural,60,2,1,0,0.75,26135,True,d212_hh142,partner
d164_67,middle_class,36,3,1,0,0.7,62491,True,d164_hh241,head
d151_68,working_class,24,1,0,0,0.65,18564,True,d151_hh261,head
d151_432,retired,65,0,1,0,0.3,18525,True,d151_hh261,partner
d36_221,middle_class,50,5,0,0,0.7,52508,True,d36_hh98,head
d36_415,farmer_agricultural,57,4,0,0,0.75,39600,True,d36_hh98,partner
d123_50,rural_worker,48,3,1,0,0.7,24019,True,d123_hh195,head
d123_217,retired,72,4,0,0,0.3,15483,True,d123_hh195,partner
d88_305,farmer_agricultural,45,1,0,0,0.75,9857,True,d88_hh251,head
d205_47,middle_class,36,4,1,0,0.7,37111,True,d205_hh4,head
d205_186,working_class,45,2,1,0,0.65,20685,True,d205_hh4,partner
d57_507,farmer_agricultural,43,2,0,0,0.75,3637,True,d57_hh94,head
d57_87,working_class,32,1,1,0,0.65,23607,True,d57_hh94,partner
d30_221,farmer_agricultural,51,2,0,0,0.75,51145,True,d30_hh110,head
d96_253,working_class,65,4,1,0,0.65,37071,True,d96_hh137,head
d96_456,retired,62,3,1,0,0.3,35021,True,d96_hh137,partner
d122_126,working_class,62,2,1,0,0.65,35872,True,d122_hh14,head
d122_140,rural_worker,62,2,0,0,0.7,27526,True,d122_hh14,partner
d177_298,retired,64,4,0,0,0.3,12925,True,d177_hh182,head
d177_221,rural_worker,61,3,0,0,0.7,24777,True,d177_hh182,partner
d20_173,middle_class,45,1,1,0,0.7,44273,True,d20_hh60,head
d126_8,working_class,35,3,1,0,0.65,28846,True,d126_hh76,head
d126_168,working_class,53,0,0,0,0.65,15172,True,d126_hh76,partner
d154_284,working_class,48,0,0,0,0.65,7526,True,d154_hh159,head
d154_44,working_class,63,3,0,0,0.65,28273,True,d154_hh159,partner
d73_272,working_class,39,3,1,0,0.65,28551,True,d73_hh131,head
d11_259,farmer_agricultural,52,1,1,0,0.75,24243,True,d11_hh237,head
d11_315,working_class,40,2,0,0,0.65,24598,True,d11_hh237,partner
d2_95,rural_worker,46,1,1,0,0.7,21363,True,d2_hh199,head
d2_229,farmer_agricultural,53,4,0,0,0.75,22329,True,d2_hh199,partner
d86_191,middle_class,27,7,0,0,0.7,51209,True,d86_hh124,head
d212_322,working_class,44,2,0,0,0.65,24887,True,d212_hh168,head
d212_235,working_class,32,0,1,0,0.65,21768,True,d212_hh168,partner
d161_96,working_class,56,2,0,0,0.65,18398,True,d161_hh11,head
d161_16,retired,75,1,1,0,0.3,14617,True,d161_hh11,partner
d64_9,retired,61,2,0,0,0.3,26970,True,d64_hh205,head
d96_269,retired,78,1,1,0,0.3,34697,True,d96_hh46,head
d38_460,farmer_agricultural,48,1,1,0,0.75,21029,True,d38_hh87,head
d38_55,farmer_agricultural,60,1,1,0,0.75,43990,True,d38_hh87,partner
d48_66,working_class,37,2,0,0,0.65,11203,True,d48_hh17,head
d183_55,affluent_professional,45,5,0,0,0.6,85882,True,d183_hh124,head
d183_170,retired,76,2,1,0,0.3,9776,True,d183_hh124,partner
d183_465,retired,62,3,1,0,0.3,24018,True,d183_hh124,partner
d183_428,farmer_agricultural,66,3,0,0,0.75,20678,True,d183_hh124,partner
d183_356,retired,84,1,1,0,0.3,12984,True,d183_hh124,partner
d144_314,rural_worker,50,0,1,0,0.7,27564,True,d144_hh46,head
d144_121,retired,77,0,1,0,0.3,20913,True,d144_hh46,partner
d192_155,middle_class,50,5,1,0,0.7,36179,True,d192_hh77,head
d192_292,working_class,29,1,0,0,0.65,37636,True,d192_hh77,partner
d60_300,working_class,57,1,0,0,0.65,38464,True,d60_hh27,head
d174_470,rural_worker,25,1,0,0,0.7,20849,True,d174_hh89,head
d174_288,middle_class,47,4,1,0,0.7,41197,True,d174_hh89,partner
d51_459,young_professional,31,5,0,0,0.2,30857,True,d51_hh113,head
d62_352,middle_class,29,5,0,0,0.7,22815,True,d62_hh173,head
d62_87,farmer_agricultural,49,1,1,0,0.75,39267,True,d62_hh173,partner
d191_206,retired,71,1,1,0,0.3,29534,True,d191_hh126,head
d191_310,working_class,35,2,0,0,0.65,39911,True,d191_hh126,partner
d118_276,working_class,36,1,1,0,0.65,22900,True,d118_hh290,head
d115_441,low_income,33,0,1,0,0.5,23247,True,d115_hh249,head
d65_244,retired,69,1,0,0,0.3,29966,True,d65_hh142,head
d65_488,farmer_agricultural,68,2,1,0,0.75,33552,True,d65_hh142,partner
d168_54,middle_class,39,5,0,0,0.7,17753,True,d168_hh24,head
d168_381,middle_class,27,3,0,0,0.7,42210,True,d168_hh24,partner
d91_17,working_class,74,1,1,0,0.65,25100,True,d91_hh98,head
d91_412,retired,63,5,1,0,0.3,13480,True,d91_hh98,partner
d186_194,retired,69,2,0,0,0.3,25524,True,d186_hh193,head
d107_124,working_class,31,2,1,0,0.65,20174,True,d107_hh159,head
d107_146,rural_worker,38,1,0,0,0.7,37729,True,d107_hh159,partner
d136_281,retired,70,5,1,0,0.3,22898,True,d136_hh171,head
d78_221,farmer_agricultural,48,0,1,0,0.75,18233,True,d78_hh230,head
d78_79,farmer_agricultural,47,1,0,0,0.75,30398,True,d78_hh230,partner
d99_26,middle_class,44,4,1,0,0.7,23845,True,d99_hh55,head
d99_495,working_class,41,4,0,0,0.65,34075,True,d99_hh55,partner
d175_146,middle_class,40,5,0,0,0.7,51704,True,d175_hh222,head
d175_339,middle_class,42,3,1,0,0.7,32562,True,d175_hh222,partner
d13_489,working_class,62,0,1,0,0.65,15217,True,d13_hh8,head
d13_269,working_class,26,0,0,0,0.65,21457,True,d13_hh8,partner
d65_284,farmer_agricultural,48,1,0,0,0.75,37790,True,d65_hh27,head
d65_271,working_class,53,3,1,0,0.65,17097,True,d65_hh27,partner
d137_158,farmer_agricultural,33,2,1,0,0.75,10931,True,d137_hh124,head
d137_66,working_class,56,1,0,0,0.65,22124,True,d137_hh124,partner
d35_198,affluent_professional,44,5,0,0,0.6,55686,True,d35_hh42,head
d35_17,working_class,49,2,1,0,0.65,28254,True,d35_hh42,partner
d36_212,retired,64,5,1,0,0.3,11050,True,d36_hh269,head
d132_430,middle_class,48,5,0,0,0.7,21618,True,d132_hh177,head
d100_350,rural_worker,66,1,0,0,0.7,13909,True,d100_hh105,head
d100_193,rural_worker,30,2,0,0,0.7,23734,True,d100_hh105,partner
d88_292,working_class,72,2,0,0,0.65,18138,True,d88_hh10,head
d88_160,retired,70,1,0,0,0.3,14794,True,d88_hh10,partner
d186_160,rural_worker,55,0,1,0,0.7,27780,True,d186_hh232,head
d186_467,middle_class,41,3,0,0,0.7,45153,True,d186_hh232,partner
d177_169,working_class,25,1,0,0,0.65,21496,True,d177_hh37,head
d177_173,rural_worker,29,1,0,0,0.7,13890,True,d177_hh37,partner
d11_400,farmer_agricultural,41,4,1,0,0.75,17998,True,d11_hh230,head
d11_495,farmer_agricultural,57,2,1,0,0.75,54300,True,d11_hh230,partner
d174_284,retired,78,4,1,0,0.3,30020,True,d174_hh95,head
d97_251,middle_class,33,4,0,0,0.7,35299,True,d97_hh13,head
d97_461,middle_class,42,4,1,0,0.7,57213,True,d97_hh13,partner
d116_94,middle_class,64,4,1,0,0.7,55043,True,d116_hh8,head
d116_363,rural_worker,55,1,1,0,0.7,19531,True,d116_hh8,partner
d131_140,working_class,65,1,1,0,0.65,7946,True,d131_hh105,head
d131_2,middle_class,40,4,1,0,0.7,33169,True,d131_hh105,partner
d40_61,rural_worker,56,1,0,0,0.7,26600,True,d40_hh15,head
d40_225,middle_class,26,4,1,0,0.7,47376,True,d40_hh15,partner
d161_361,farmer_agricultural,55,1,1,0,0.75,27687,True,d161_hh182,head
d161_353,rural_worker,52,0,0,0,0.7,19275,True,d161_hh182,partner
d209_249,rural_worker,40,1,0,0,0.7,14587,True,d209_hh217,head
d209_219,rural_worker,41,3,1,0,0.7,28405,True,d209_hh217,partner
d214_209,working_class,66,1,1,0,0.65,24200,True,d214_hh89,head
d214_198,working_class,56,3,0,0,0.65,27093,True,d214_hh89,partner
d152_223,working_class,38,3,1,0,0.65,28140,True,d152_hh11,head
d152_148,student,19,3,1,0,0.05,10244,True,d152_hh11,partner
d82_124,working_class,49,3,0,0,0.65,32488,True,d82_hh26,head
d82_357,farmer_agricultural,68,0,1,0,0.75,13494,True,d82_hh26,partner
d9_120,working_class,52,3,0,0,0.65,23248,True,d9_hh88,head
d102_372,affluent_professional,34,7,0,0,0.6,85557,True,d102_hh88,head
d2_42,working_class,30,2,0,0,0.65,24240,True,d2_hh34,head
d2_56,farmer_agricultural,48,1,0,0,0.75,29178,True,d2_hh34,partner
d79_269,young_professional,33,5,1,0,0.2,25780,True,d79_hh174,head
d79_143,affluent_professional,33,6,0,0,0.6,33067,True,d79_hh174,partner
d188_265,retired,74,1,0,0,0.3,12397,True,d188_hh209,head
d188_417,working_class,49,1,1,0,0.65,25834,True,d188_hh209,partner
d11_340,retired,74,1,1,0,0.3,6268,True,d11_hh178,head
d11_22,retired,68,3,0,0,0.3,32278,True,d11_hh178,partner
d70_404,retired,82,2,1,0,0.3,19218,True,d70_hh166,head
d70_131,working_class,55,0,0,0,0.65,24113,True,d70_hh166,partner
d48_497,rural_worker,50,0,1,0,0.7,17480,True,d48_hh253,head
d6_478,retired,54,2,0,0,0.3,17827,True,d6_hh271,head
d6_132,rural_worker,33,0,0,0,0.7,26167,True,d6_hh271,partner
d37_232,rural_worker,59,1,0,0,0.7,18627,True,d37_hh251,head
d37_227,farmer_agricultural,56,1,1,0,0.75,33716,True,d37_hh251,partner
d194_272,farmer_agricultural,36,0,1,0,0.75,11272,True,d194_hh47,head
d194_167,working_class,63,0,1,0,0.65,16716,True,d194_hh47,partner
d131_128,middle_class,50,4,1,0,0.7,40115,True,d131_hh143,head
d193_361,rural_worker,43,2,0,0,0.7,18010,True,d193_hh179,head
d28_520,working_class,60,2,1,0,0.65,16902,True,d28_hh196,head
d95_387,farmer_agricultural,59,1,1,0,0.75,13612,True,d95_hh278,head
d112_188,middle_class,34,4,0,0,0.7,23329,True,d112_hh222,head
d112_140,retired,77,3,1,0,0.3,18611,True,d112_hh222,partner
d126_308,working_class,29,0,0,0,0.65,22528,True,d126_hh81,head
d126_169,middle_class,38,3,1,0,0.7,41171,True,d126_hh81,partner
d15_193,middle_class,43,6,0,0,0.7,56274,True,d15_hh91,head
d15_21,working_class,45,1,0,0,0.65,29835,True,d15_hh85,head
d15_54,farmer_agricultural,32,1,0,0,0.75,25337,True,d15_hh85,partner
d208_315,rural_worker,28,0,1,0,0.7,13815,True,d208_hh250,head
d208_133,middle_class,54,5,0,0,0.7,35805,True,d208_hh250,partner
d64_244,affluent_professional,35,6,0,0,0.6,54237,True,d64_hh8,head
d64_290,farmer_agricultural,38,1,1,0,0.75,36414,True,d64_hh8,partner
d121_20,affluent_professional,45,4,1,0,0.6,33837,True,d121_hh123,head
d30_388,farmer_agricultural,59,0,1,0,0.75,30964,True,d30_hh214,head
d30_216,rural_worker,60,1,1,0,0.7,32245,True,d30_hh214,partner
d198_114,farmer_agricultural,55,1,0,0,0.75,40878,True,d198_hh206,head
d198_44,farmer_agricultural,56,2,0,0,0.75,11955,True,d198_hh206,partner
d61_344,middle_class,35,4,1,0,0.7,39564,True,d61_hh203,head
d61_93,retired,61,2,0,0,0.3,9353,True,d61_hh203,partner
d48_278,rural_worker,37,0,1,0,0.7,33195,True,d48_hh173,head
d194_454,working_class,50,0,0,0,0.65,33513,True,d194_hh108,head
d194_262,middle_class,53,4,1,0,0.7,49038,True,d194_hh108,partner
d168_156,middle_class,46,2,0,0,0.7,15274,True,d168_hh200,head
d168_98,young_professional,22,7,1,0,0.2,45580,True,d168_hh200,partner
d82_184,retired,72,2,1,0,0.3,7806,True,d82_hh1,head
d94_58,rural_worker,32,0,1,0,0.7,3350,True,d94_hh105,head
d94_417,farmer_agricultural,40,1,0,0,0.75,11042,True,d94_hh105,partner
d183_134,working_class,27,3,0,0,0.65,25452,True,d183_hh125,head
d183_421,farmer_agricultural,63,2,1,0,0.75,31928,True,d183_hh125,partner
d54_27,rural_worker,31,1,0,0,0.7,22231,True,d54_hh261,head
d54_311,working_class,36,3,1,0,0.65,34562,True,d54_hh261,partner
d54_269,farmer_agricultural,60,2,1,0,0.75,42083,True,d54_hh261,partner
d65_403,working_class,49,1,0,0,0.65,10149,True,d65_hh10,head
d35_419,middle_class,25,6,1,0,0.7,21990,True,d35_hh92,head
d35_242,affluent_professional,28,5,1,0,0.6,101159,True,d35_hh92,partner
d128_367,farmer_agricultural,47,3,1,0,0.75,15259,True,d128_hh144,head
d128_338,farmer_agricultural,43,0,0,0,0.75,5788,True,d128_hh144,partner
d126_293,affluent_professional,33,7,1,0,0.6,47406,True,d126_hh67,head
d126_496,working_class,69,1,0,0,0.65,27718,True,d126_hh67,partner
d44_17,working_class,45,0,1,0,0.65,14098,True,d44_hh1,head
d44_128,farmer_agricultural,47,2,0,0,0.75,6419,True,d44_hh1,partner
d46_82,retired,76,1,1,0,0.3,23740,True,d46_hh49,head
d46_84,working_class,50,2,0,0,0.65,29701,True,d46_hh49,partner
d179_162,working_class,42,2,1,0,0.65,11882,True,d179_hh266,head
d102_42,middle_class,54,4,1,0,0.7,37794,True,d102_hh232,head
d102_69,affluent_professional,28,6,0,0,0.6,60529,True,d102_hh232,partner
d82_318,farmer_agricultural,70,1,0,0,0.75,8516,True,d82_hh97,head
d82_365,retired,72,3,1,0,0.3,30202,True,d82_hh97,partner
d105_196,farmer_agricultural,41,2,0,0,0.75,23,True,d105_hh11,head
d105_298,retired,70,2,0,0,0.3,34279,True,d105_hh11,partner
d131_99,working_class,50,3,0,0,0.65,28802,True,d131_hh114,head
d12_438,retired,74,4,0,0,0.3,15315,True,d12_hh43,head
d99_124,farmer_agricultural,68,2,1,0,0.75,22539,True,d99_hh154,head
d179_243,rural_worker,39,2,1,0,0.7,13637,True,d179_hh17,head
d179_393,middle_class,35,4,1,0,0.7,42523,True,d179_hh17,partner
d33_5,farmer_agricultural,63,2,0,0,0.75,12067,True,d33_hh236,head
d33_281,working_class,38,3,1,0,0.65,22213,True,d33_hh236,partner
d147_489,retired,69,2,1,0,0.3,18521,True,d147_hh10,head
d102_403,working_class,46,0,1,0,0.65,22251,True,d102_hh135,head
d102_460,affluent_professional,29,7,0,0,0.6,61517,True,d102_hh135,partner
d142_18,farmer_agricultural,60,3,1,0,0.75,23170,True,d142_hh50,head
d142_155,rural_worker,51,2,0,0,0.7,26872,True,d142_hh50,partner
d85_215,rural_worker,36,1,0,0,0.7,29316,True,d85_hh28,head
d85_458,rural_worker,68,2,0,0,0.7,27999,True,d85_hh28,partner
d133_311,working_class,29,5,0,0,0.65,20872,True,d133_hh126,head
d133_336,retired,79,1,1,0,0.3,25327,True,d133_hh126,partner
d139_285,rural_worker,65,0,1,0,0.7,19628,True,d139_hh254,head
d139_368,affluent_professional,31,5,0,0,0.6,54743,True,d139_hh254,partner
d218_59,farmer_agricultural,38,2,0,0,0.75,28161,True,d218_hh252,head
d218_218,farmer_agricultural,32,1,1,0,0.75,16855,True,d218_hh252,partner
d151_426,rural_worker,40,1,1,0,0.7,29094,True,d151_hh268,head
d151_466,working_class,31,2,0,0,0.65,38387,True,d151_hh268,partner
d43_277,farmer_agricultural,54,0,0,0,0.75,40537,True,d43_hh10,head
d43_167,rural_worker,9,1,1,0,0.7,14683,True,d43_hh10,partner
d197_277,retired,70,0,0,0,0.3,17673,True,d197_hh214,head
d34_257,working_class,73,2,1,0,0.65,33598,True,d34_hh31,head
d34_150,retired,68,3,1,0,0.3,33451,True,d34_hh31,partner
d73_461,low_income,34,1,0,0,0.5,17824,True,d73_hh114,head
d9_14,farmer_agricultural,55,1,1,0,0.75,36581,True,d9_hh131,head
d9_253,farmer_agricultural,68,0,0,0,0.75,38812,True,d9_hh131,partner
d9_297,retired,83,5,1,0,0.3,23147,True,d9_hh131,partner
d9_111,retired,77,3,1,0,0.3,23864,True,d9_hh131,partner
d172_231,middle_class,39,6,0,0,0.7,41948,True,d172_hh72,head
d172_267,working_class,37,0,0,0,0.65,16800,True,d172_hh72,partner
d25_418,retired,74,2,0,0,0.3,19819,True,d25_hh101,head
d25_288,rural_worker,54,1,0,0,0.7,12462,True,d25_hh101,partner
d148_277,rural_worker,56,2,1,0,0.7,27548,True,d148_hh229,head
d148_425,farmer_agricultural,65,1,0,0,0.75,11679,True,d148_hh229,partner
d211_218,farmer_agricultural,39,0,1,0,0.75,12782,True,d211_hh229,head
d211_296,farmer_agricultural,57,1,1,0,0.75,-1494,True,d211_hh229,partner
d67_405,working_class,40,2,1,0,0.65,32615,True,d67_hh161,head
d67_404,rural_worker,45,1,0,0,0.7,10252,True,d67_hh161,partner
d147_46,retired,80,4,1,0,0.3,9178,True,d147_hh59,head
d147_178,working_class,55,2,0,0,0.65,36824,True,d147_hh59,partner
d106_409,rural_worker,32,1,1,0,0.7,24307,True,d106_hh226,head
d106_144,working_class,39,1,0,0,0.65,20579,True,d106_hh226,partner
d6_466,working_class,56,0,1,0,0.65,15777,True,d6_hh87,head
d6_59,farmer_agricultural,42,2,1,0,0.75,20948,True,d6_hh87,partner
d46_332,working_class,49,3,1,0,0.65,31876,True,d46_hh128,head
d46_8,retired,66,0,0,0,0.3,10626,True,d46_hh128,partner
d2_156,farmer_agricultural,58,2,0,0,0.75,-15757,True,d2_hh139,head
d154_362,rural_worker,38,1,0,0,0.7,32961,True,d154_hh144,head
d154_380,farmer_agricultural,45,0,1,0,0.75,21007,True,d154_hh144,partner
d22_179,retired,71,0,1,0,0.3,16791,True,d22_hh249,head
d22_63,working_class,49,1,0,0,0.65,12183,True,d22_hh249,partner
d6_389,rural_worker,48,1,0,0,0.7,26870,True,d6_hh126,head
d208_249,retired,63,1,1,0,0.3,23616,True,d208_hh152,head
d208_254,retired,68,2,0,0,0.3,22913,True,d208_hh152,partner
d43_169,farmer_agricultural,59,2,1,0,0.75,33185,True,d43_hh190,head
d43_423,working_class,33,3,1,0,0.65,15161,True,d43_hh190,partner
d25_166,farmer_agricultural,43,1,0,0,0.75,25328,True,d25_hh251,head
d190_185,affluent_professional,50,7,1,0,0.6,54152,True,d190_hh57,head
d190_424,farmer_agricultural,49,4,1,0,0.75,21748,True,d190_hh57,partner
d33_283,middle_class,38,5,0,0,0.7,21657,True,d33_hh167,head
d33_187,middle_class,40,7,1,0,0.7,49501,True,d33_hh167,partner
d48_398,working_class,63,2,0,0,0.65,28447,True,d48_hh280,head
d48_153,retired,73,1,0,0,0.3,16254,True,d48_hh280,partner
d23_249,working_class,51,0,0,0,0.65,25616,True,d23_hh199,head
d182_24,farmer_agricultural,59,4,1,0,0.75,18821,True,d182_hh81,head
d182_62,working_class,36,3,1,0,0.65,12615,True,d182_hh81,partner
d56_92,farmer_agricultural,54,1,0,0,0.75,9579,True,d56_hh127,head
d56_202,retired,80,5,0,0,0.3,16856,True,d56_hh127,partner
d57_184,rural_worker,27,1,1,0,0.7,26492,True,d57_hh253,head
d48_151,rural_worker,46,0,1,0,0.7,19598,True,d48_hh199,head
d48_207,rural_worker,52,5,0,0,0.7,11571,True,d48_hh199,partner
d28_136,middle_class,51,4,1,0,0.7,38284,True,d28_hh226,head
d202_450,farmer_agricultural,44,3,0,0,0.75,35238,True,d202_hh120,head
d202_447,farmer_agricultural,71,4,1,0,0.75,25345,True,d202_hh120,partner
d212_265,retired,68,3,1,0,0.3,31117,True,d212_hh4,head
d212_263,farmer_agricultural,55,0,0,0,0.75,32985,True,d212_hh4,partner
d151_486,working_class,49,2,1,0,0.65,23351,True,d151_hh155,head
d151_215,affluent_professional,47,6,0,0,0.6,65117,True,d151_hh155,partner
d186_261,middle_class,47,0,0,0,0.7,46374,True,d186_hh197,head
d186_330,middle_class,43,4,0,0,0.7,39970,True,d186_hh197,partner
d216_87,rural_worker,47,1,1,0,0.7,31928,True,d216_hh274,head
d22_468,working_class,55,0,1,0,0.65,16399,True,d22_hh17,head
d22_176,farmer_agricultural,45,3,1,0,0.75,45268,True,d22_hh17,partner
d145_267,working_class,54,2,0,0,0.65,23951,True,d145_hh28,head
d47_389,retired,61,0,1,0,0.3,23870,True,d47_hh214,head
d192_16,middle_class,36,8,1,0,0.7,23556,True,d192_hh39,head
d192_42,middle_class,53,2,1,0,0.7,12817,True,d192_hh39,partner
d8_474,working_class,50,2,1,0,0.65,24670,True,d8_hh28,head
d8_435,farmer_agricultural,52,2,1,0,0.75,5127,True,d8_hh28,partner
d113_58,farmer_agricultural,64,1,1,0,0.75,20612,True,d113_hh46,head
d113_349,middle_class,49,5,1,0,0.7,13417,True,d113_hh46,partner
d169_40,working_class,44,2,1,0,0.65,24806,True,d169_hh210,head
d169_304,middle_class,57,4,0,0,0.7,34415,True,d169_hh210,partner
d140_371,rural_worker,51,1,0,0,0.7,36310,True,d140_hh271,head
d140_446,middle_class,39,3,0,0,0.7,40994,True,d140_hh271,partner
d91_193,retired,68,1,1,0,0.3,13358,True,d91_hh191,head
d110_514,middle_class,48,6,0,0,0.7,63270,True,d110_hh171,head
d110_375,retired,67,0,0,0,0.3,32031,True,d110_hh171,partner
d44_71,middle_class,52,5,0,0,0.7,34853,True,d44_hh180,head
d58_500,middle_class,48,3,1,0,0.7,41931,True,d58_hh263,head
d58_119,working_class,64,1,0,0,0.65,24304,True,d58_hh263,partner
d32_516,farmer_agricultural,32,1,1,0,0.75,16925,True,d32_hh92,head
d32_508,retired,70,3,0,0,0.3,30807,True,d32_hh92,partner
d69_184,working_class,42,1,1,0,0.65,19722,True,d69_hh243,head
d69_243,middle_class,48,4,0,0,0.7,44029,True,d69_hh243,partner
d152_192,middle_class,48,5,0,0,0.7,44524,True,d152_hh232,head
d152_401,middle_class,41,5,1,0,0.7,45652,True,d152_hh232,partner
d6_118,affluent_professional,40,5,1,0,0.6,82475,True,d6_hh132,head
d6_347,working_class,58,4,0,0,0.65,17719,True,d6_hh132,partner
d98_395,affluent_professional,22,6,1,0,0.6,59853,True,d98_hh239,head
d98_244,working_class,51,5,1,0,0.65,33594,True,d98_hh239,partner
d198_314,middle_class,56,2,0,0,0.7,48051,True,d198_hh54,head
d198_472,retired,78,2,0,0,0.3,31744,True,d198_hh54,partner
d11_208,farmer_agricultural,46,4,0,0,0.75,17772,True,d11_hh53,head
d11_381,working_class,43,0,0,0,0.65,14365,True,d11_hh53,partner
d208_244,middle_class,43,4,0,0,0.7,36180,True,d208_hh22,head
d208_486,retired,66,2,1,0,0.3,35924,True,d208_hh22,partner
d165_262,farmer_agricultural,32,2,1,0,0.75,35068,True,d165_hh242,head
d165_220,working_class,34,1,0,0,0.65,12225,True,d165_hh242,partner
d70_284,retired,76,1,0,0,0.3,10867,True,d70_hh98,head
d70_226,middle_class,50,4,0,0,0.7,28738,True,d70_hh98,partner
d47_247,middle_class,47,6,1,0,0.7,28648,True,d47_hh82,head
d47_156,middle_class,47,6,1,0,0.7,42147,True,d47_hh82,partner
d172_348,affluent_professional,47,6,1,0,0.6,59660,True,d172_hh133,head
d172_235,middle_class,50,2,0,0,0.7,55997,True,d172_hh133,partner
d191_248,working_class,53,3,1,0,0.65,21370,True,d191_hh128,head
d191_270,rural_worker,43,2,0,0,0.7,26708,True,d191_hh128,partner
d191_149,farmer_agricultural,65,2,1,0,0.75,15797,True,d191_hh39,head
d191_59,retired,77,4,0,0,0.3,11215,True,d191_hh39,partner
d47_172,farmer_agricultural,60,0,0,0,0.75,32051,True,d47_hh106,head
d193_383,working_class,51,3,0,0,0.65,12190,True,d193_hh190,head
d55_352,retired,75,0,0,0,0.3,14089,True,d55_hh97,head
d158_155,farmer_agricultural,49,1,0,0,0.75,27493,True,d158_hh6,head
d158_312,middle_class,43,5,1,0,0.7,34257,True,d158_hh6,partner
d194_435,middle_class,37,1,0,0,0.7,59801,True,d194_hh28,head
d70_227,affluent_professional,29,5,0,0,0.6,93632,True,d70_hh276,head
d189_250,affluent_professional,38,7,0,0,0.6,49257,True,d189_hh10,head
d189_63,middle_class,38,2,1,0,0.7,24087,True,d189_hh10,partner
d33_33,farmer_agricultural,54,1,0,0,0.75,9122,True,d33_hh2,head
d33_347,retired,86,1,1,0,0.3,19755,True,d33_hh2,partner
d190_360,farmer_agricultural,69,1,1,0,0.75,15937,True,d190_hh118,head
d190_226,working_class,50,3,0,0,0.65,35801,True,d190_hh118,partner
d106_269,working_class,57,3,1,0,0.65,31499,True,d106_hh11,head
d213_448,middle_class,45,6,0,0,0.7,25224,True,d213_hh18,head
d213_49,retired,88,1,0,0,0.3,29880,True,d213_hh18,partner
d16_290,working_class,29,1,1,0,0.65,29097,True,d16_hh174,head
d16_495,working_class,60,3,1,0,0.65,31108,True,d16_hh174,partner
d85_298,working_class,41,1,0,0,0.65,12015,True,d85_hh147,head
d85_121,middle_class,62,6,0,0,0.7,51065,True,d85_hh147,partner
d147_299,retired,64,2,1,0,0.3,40316,True,d147_hh245,head
d147_387,rural_worker,46,1,1,0,0.7,17370,True,d147_hh245,partner
d162_484,working_class,52,3,1,0,0.65,19076,True,d162_hh60,head
d162_125,rural_worker,47,2,0,0,0.7,23794,True,d162_hh60,partner
d202_249,working_class,35,0,0,0,0.65,31986,True,d202_hh44,head
d202_141,farmer_agricultural,48,1,1,0,0.75,-3158,True,d202_hh44,partner
d8_429,affluent_professional,55,7,0,0,0.6,47696,True,d8_hh177,head
d8_33,farmer_agricultural,59,3,0,0,0.75,11018,True,d8_hh177,partner
d216_384,rural_worker,38,1,1,0,0.7,29122,True,d216_hh240,head
d128_137,rural_worker,50,2,0,0,0.7,11483,True,d128_hh41,head
d56_250,farmer_agricultural,41,2,0,0,0.75,33226,True,d56_hh262,head
d56_442,working_class,35,2,1,0,0.65,15977,True,d56_hh262,partner
d195_262,middle_class,31,5,0,0,0.7,44281,True,d195_hh88,head
d195_146,farmer_agricultural,52,0,1,0,0.75,44157,True,d195_hh88,partner
d75_343,rural_worker,35,1,0,0,0.7,19275,True,d75_hh96,head
d75_151,rural_worker,52,2,1,0,0.7,39000,True,d75_hh96,partner
d135_504,rural_worker,46,2,1,0,0.7,31385,True,d135_hh16,head
d135_283,middle_class,38,3,0,0,0.7,25088,True,d135_hh16,partner
d83_151,farmer_agricultural,52,1,1,0,0.75,51325,True,d83_hh116,head
d83_130,rural_worker,59,2,1,0,0.7,22416,True,d83_hh116,partner
d82_360,farmer_agricultural,56,2,1,0,0.75,19308,True,d82_hh10,head
d82_366,rural_worker,27,0,1,0,0.7,17395,True,d82_hh10,partner
d102_371,middle_class,37,1,0,0,0.7,62571,True,d102_hh200,head
d102_287,working_class,51,2,0,0,0.65,25327,True,d102_hh200,partner
d49_448,low_income,48,0,1,0,0.5,15451,True,d49_hh253,head
d46_292,middle_class,41,4,1,0,0.7,51073,True,d46_hh286,head
d46_43,working_class,43,2,0,0,0.65,30578,True,d46_hh286,partner
d150_73,retired,80,2,0,0,0.3,21442,True,d150_hh229,head
d118_144,affluent_professional,44,6,1,0,0.6,97864,True,d118_hh258,head
d118_468,middle_class,53,7,0,0,0.7,25156,True,d118_hh258,partner
d112_524,rural_worker,62,2,0,0,0.7,16996,True,d112_hh48,head
d112_529,middle_class,34,4,1,0,0.7,19393,True,d112_hh48,partner
d174_133,middle_class,52,3,1,0,0.7,34872,True,d174_hh166,head
d174_323,rural_worker,44,2,1,0,0.7,30024,True,d174_hh166,partner
d27_48,retired,64,6,0,0,0.3,32377,True,d27_hh189,head
d83_180,retired,70,2,1,0,0.3,16433,True,d83_hh80,head
d83_410,retired,83,1,1,0,0.3,6107,True,d83_hh80,partner
d62_78,farmer_agricultural,46,2,1,0,0.75,45935,True,d62_hh0,head
d62_91,working_class,46,4,0,0,0.65,34540,True,d62_hh0,partner
d72_215,affluent_professional,29,7,0,0,0.6,58529,True,d72_hh196,head
d145_58,middle_class,34,3,0,0,0.7,43547,True,d145_hh49,head
d145_355,middle_class,57,3,0,0,0.7,49604,True,d145_hh49,partner
d143_299,rural_worker,30,2,0,0,0.7,23618,True,d143_hh102,head
d143_320,farmer_agricultural,38,2,0,0,0.75,31945,True,d143_hh102,partner
d138_175,rural_worker,64,2,1,0,0.7,16038,True,d138_hh176,head
d194_91,rural_worker,38,0,1,0,0.7,29000,True,d194_hh81,head
d194_200,farmer_agricultural,52,2,1,0,0.75,10976,True,d194_hh81,partner
d129_236,working_class,45,2,0,0,0.65,40266,True,d129_hh3,head
d129_432,rural_worker,22,1,1,0,0.7,15655,True,d129_hh3,partner
d44_331,farmer_agricultural,54,1,1,0,0.75,25453,True,d44_hh51,head
d44_103,rural_worker,46,1,0,0,0.7,22180,True,d44_hh51,partner
d22_130,rural_worker,46,2,0,0,0.7,27677,True,d22_hh120,head
d22_118,working_class,45,2,0,0,0.65,27382,True,d22_hh120,partner
d140_402,retired,60,0,0,0,0.3,15954,True,d140_hh214,head
d113_118,farmer_agricultural,51,0,0,0,0.75,43071,True,d113_hh18,head
d113_18,working_class,35,3,1,0,0.65,35952,True,d113_hh18,partner
d187_40,farmer_agricultural,55,3,0,0,0.75,28387,True,d187_hh28,head
d208_494,middle_class,33,4,0,0,0.7,55429,True,d208_hh20,head
d208_350,working_class,51,1,0,0,0.65,31947,True,d208_hh20,partner
d61_198,working_class,41,1,0,0,0.65,24314,True,d61_hh213,head
d61_29,middle_class,59,5,1,0,0.7,33414,True,d61_hh213,partner
d40_11,retired,71,2,1,0,0.3,18430,True,d40_hh4,head
d89_436,working_class,28,3,1,0,0.65,39897,True,d89_hh121,head
d89_252,farmer_agricultural,37,1,0,0,0.75,16946,True,d89_hh121,partner
d101_22,working_class,56,1,1,0,0.65,41278,True,d101_hh124,head
d135_323,rural_worker,43,3,0,0,0.7,25116,True,d135_hh181,head
d135_202,working_class,66,2,0,0,0.65,10322,True,d135_hh181,partner
d72_411,low_income,49,2,1,0,0.5,19841,True,d72_hh181,head
d72_451,working_class,59,2,0,0,0.65,18181,True,d72_hh181,partner
d216_141,farmer_agricultural,56,0,0,0,0.75,49134,True,d216_hh23,head
d216_370,rural_worker,51,0,0,0,0.7,34205,True,d216_hh23,partner
d76_209,middle_class,28,5,0,0,0.7,33459,True,d76_hh63,head
d2_80,retired,81,1,1,0,0.3,28402,True,d2_hh212,head
d2_83,rural_worker,30,1,1,0,0.7,13256,True,d2_hh212,partner
d127_83,farmer_agricultural,68,1,0,0,0.75,22984,True,d127_hh126,head
d195_12,middle_class,30,3,1,0,0.7,19935,True,d195_hh227,head
d195_278,farmer_agricultural,54,2,0,0,0.75,19220,True,d195_hh227,partner
d8_16,retired,63,0,1,0,0.3,12480,True,d8_hh85,head
d8_357,rural_worker,50,1,0,0,0.7,39876,True,d8_hh85,partner
d181_78,affluent_professional,16,5,0,0,0.6,66771,True,d181_hh205,head
d181_202,affluent_professional,33,5,0,0,0.6,58001,True,d181_hh205,partner
d156_95,working_class,42,0,0,0,0.65,19576,True,d156_hh129,head
d156_425,working_class,40,1,1,0,0.65,18579,True,d156_hh129,partner
d8_377,working_class,44,0,1,0,0.65,27415,True,d8_hh191,head
d8_336,rural_worker,39,2,0,0,0.7,24155,True,d8_hh191,partner
d3_218,farmer_agricultural,42,1,1,0,0.75,27256,True,d3_hh257,head
d3_437,affluent_professional,41,6,0,0,0.6,75016,True,d3_hh257,partner
d59_268,farmer_agricultural,40,2,0,0,0.75,35939,True,d59_hh104,head
d59_327,retired,69,4,1,0,0.3,36613,True,d59_hh104,partner
d156_237,rural_worker,24,1,1,0,0.7,12658,True,d156_hh103,head
d156_296,retired,74,3,0,0,0.3,29021,True,d156_hh103,partner
d25_482,farmer_agricultural,62,2,0,0,0.75,18168,True,d25_hh13,head
d25_242,farmer_agricultural,60,2,0,0,0.75,59416,True,d25_hh13,partner
d167_382,retired,73,1,1,0,0.3,28059,True,d167_hh77,head
d167_172,rural_worker,56,1,1,0,0.7,14412,True,d167_hh77,partner
d31_443,working_class,51,3,1,0,0.65,21574,True,d31_hh250,head
d31_398,affluent_professional,40,6,0,0,0.6,66612,True,d31_hh250,partner
d190_143,working_class,27,3,0,0,0.65,31451,True,d190_hh247,head
d39_99,middle_class,35,3,0,0,0.7,46093,True,d39_hh191,head
d39_353,low_income,51,0,0,0,0.5,18917,True,d39_hh191,partner
d45_432,rural_worker,43,1,0,0,0.7,33207,True,d45_hh259,head
d45_189,affluent_professional,48,5,1,0,0.6,71453,True,d45_hh259,partner
d154_414,working_class,34,1,0,0,0.65,32229,True,d154_hh264,head
d20_143,working_class,59,0,1,0,0.65,28423,True,d20_hh80,head
d158_22,working_class,47,2,0,0,0.65,15021,True,d158_hh77,head
d211_283,working_class,40,2,0,0,0.65,28154,True,d211_hh151,head
d34_214,retired,68,3,1,0,0.3,24740,True,d34_hh14,head
d211_27,middle_class,39,3,0,0,0.7,44708,True,d211_hh107,head
d211_104,working_class,60,3,1,0,0.65,12737,True,d211_hh107,partner
d108_63,middle_class,51,5,1,0,0.7,24717,True,d108_hh205,head
d219_448,working_class,66,3,0,0,0.65,27778,True,d219_hh252,head
d219_475,farmer_agricultural,67,1,1,0,0.75,9953,True,d219_hh252,partner
d111_327,retired,77,5,0,0,0.3,19407,True,d111_hh13,head
d111_439,retired,74,1,1,0,0.3,13719,True,d111_hh13,partner
d124_504,retired,73,3,1,0,0.3,26227,True,d124_hh125,head
d124_101,retired,73,2,0,0,0.3,32551,True,d124_hh125,partner
d53_491,middle_class,40,2,1,0,0.7,32091,True,d53_hh173,head
d53_12,rural_worker,38,2,0,0,0.7,19511,True,d53_hh173,partner
d61_22,working_class,59,2,1,0,0.65,32949,True,d61_hh73,head
d61_247,working_class,51,2,0,0,0.65,26158,True,d61_hh73,partner
d36_41,farmer_agricultural,43,1,0,0,0.75,40912,True,d36_hh227,head
d36_263,retired,80,2,1,0,0.3,22930,True,d36_hh227,partner
d116_198,working_class,48,4,0,0,0.65,32800,True,d116_hh27,head
d116_359,farmer_agricultural,42,0,1,0,0.75,23592,True,d116_hh27,partner
d44_397,farmer_agricultural,29,0,0,0,0.75,33319,True,d44_hh203,head
d44_301,middle_class,38,4,0,0,0.7,35515,True,d44_hh203,partner
d22_399,rural_worker,44,1,0,0,0.7,29770,True,d22_hh134,head
d22_107,retired,64,1,1,0,0.3,17328,True,d22_hh134,partner
d22_318,retired,83,2,0,0,0.3,27604,True,d22_hh134,partner
d125_356,retired,67,4,1,0,0.3,21058,True,d125_hh182,head
d125_271,working_class,61,4,0,0,0.65,28901,True,d125_hh182,partner
d109_310,working_class,58,3,1,0,0.65,15929,True,d109_hh176,head
d109_194,affluent_professional,50,6,0,0,0.6,44197,True,d109_hh176,partner
d184_79,rural_worker,56,1,1,0,0.7,22025,True,d184_hh186,head
d184_439,middle_class,60,4,0,0,0.7,48259,True,d184_hh186,partner
d1_473,retired,72,2,0,0,0.3,19905,True,d1_hh85,head
d19_507,rural_worker,36,1,1,0,0.7,14581,True,d19_hh162,head
d19_499,working_class,40,2,1,0,0.65,20455,True,d19_hh162,partner
d190_327,working_class,44,3,0,0,0.65,25312,True,d190_hh26,head
d190_373,farmer_agricultural,51,1,1,0,0.75,27908,True,d190_hh26,partner
d30_148,retired,77,5,1,0,0.3,19224,True,d30_hh143,head
d208_330,retired,80,4,1,0,0.3,35265,True,d208_hh276,head
d160_223,farmer_agricultural,54,1,1,0,0.75,30618,True,d160_hh85,head
d160_70,rural_worker,45,1,1,0,0.7,21459,True,d160_hh85,partner
d16_378,retired,57,0,1,0,0.3,33620,True,d16_hh6,head
d16_440,farmer_agricultural,42,2,1,0,0.75,36063,True,d16_hh6,partner
d215_302,rural_worker,59,2,0,0,0.7,20217,True,d215_hh147,head
d215_199,farmer_agricultural,33,2,1,0,0.75,32679,True,d215_hh147,partner
d194_116,middle_class,50,5,0,0,0.7,24623,True,d194_hh10,head
d194_464,working_class,55,2,1,0,0.65,41970,True,d194_hh10,partner
d58_306,middle_class,34,5,0,0,0.7,30450,True,d58_hh132,head
d26_129,working_class,45,1,0,0,0.65,27117,True,d26_hh86,head
d26_299,middle_class,37,3,0,0,0.7,55352,True,d26_hh86,partner
d29_373,student,29,2,0,0,0.05,12133,True,d29_hh29,head
d29_459,affluent_professional,43,5,0,0,0.6,66825,True,d29_hh29,partner
d29_218,affluent_professional,40,6,0,0,0.6,75975,True,d29_hh29,partner
d213_262,working_class,73,2,1,0,0.65,33731,True,d213_hh127,head
d213_46,middle_class,49,3,0,0,0.7,30136,True,d213_hh127,partner
d162_105,farmer_agricultural,35,1,1,0,0.75,52993,True,d162_hh63,head
d162_375,rural_worker,57,3,1,0,0.7,20004,True,d162_hh63,partner
d76_184,affluent_professional,20,6,0,0,0.6,33997,True,d76_hh24,head
d76_439,farmer_agricultural,31,1,1,0,0.75,21667,True,d76_hh24,partner
d153_83,middle_class,33,0,1,0,0.7,33183,True,d153_hh81,head
d124_275,retired,81,1,1,0,0.3,26841,True,d124_hh143,head
d124_412,working_class,38,3,0,0,0.65,26682,True,d124_hh143,partner
d116_437,retired,89,2,0,0,0.3,16466,True,d116_hh5,head
d200_147,retired,70,3,1,0,0.3,13175,True,d200_hh180,head
d79_423,low_income,36,2,0,0,0.5,24384,True,d79_hh238,head
d79_229,middle_class,49,3,0,0,0.7,45967,True,d79_hh238,partner
d109_412,retired,66,3,1,0,0.3,-149,True,d109_hh146,head
d110_386,working_class,38,2,0,0,0.65,16479,True,d110_hh47,head
d110_293,retired,54,4,0,0,0.3,22581,True,d110_hh47,partner
d219_109,rural_worker,53,1,1,0,0.7,22102,True,d219_hh37,head
d219_39,farmer_agricultural,50,2,0,0,0.75,44189,True,d219_hh37,partner
d165_382,farmer_agricultural,58,1,1,0,0.75,27771,True,d165_hh43,head
d165_421,affluent_professional,24,5,0,0,0.6,50249,True,d165_hh43,partner
d72_131,young_professional,30,5,1,0,0.2,38469,True,d72_hh256,head
d140_279,rural_worker,40,1,1,0,0.7,18750,True,d140_hh204,head
d140_199,affluent_professional,58,4,0,0,0.6,73092,True,d140_hh204,partner
d90_445,middle_class,41,3,0,0,0.7,40617,True,d90_hh223,head
d134_202,middle_class,41,2,1,0,0.7,26031,True,d134_hh15,head
d134_234,middle_class,57,1,0,0,0.7,39907,True,d134_hh15,partner
d19_75,middle_class,35,4,1,0,0.7,38592,True,d19_hh3,head
d19_128,middle_class,54,2,0,0,0.7,35530,True,d19_hh3,partner
d82_114,rural_worker,44,2,0,0,0.7,23712,True,d82_hh256,head
d188_469,working_class,57,1,0,0,0.65,29182,True,d188_hh196,head
d188_313,farmer_agricultural,25,2,1,0,0.75,32238,True,d188_hh196,partner
d209_285,farmer_agricultural,35,2,0,0,0.75,31397,True,d209_hh71,head
d209_153,working_class,37,2,0,0,0.65,34103,True,d209_hh71,partner
d88_108,working_class,39,3,0,0,0.65,10462,True,d88_hh196,head
d106_209,working_class,37,3,1,0,0.65,31255,True,d106_hh182,head
d198_108,middle_class,41,5,1,0,0.7,31957,True,d198_hh242,head
d198_308,retired,71,0,0,0,0.3,37667,True,d198_hh242,partner
d177_109,affluent_professional,33,3,1,0,0.6,76067,True,d177_hh227,head
d111_283,middle_class,53,7,1,0,0.7,42559,True,d111_hh127,head
d96_71,rural_worker,55,2,0,0,0.7,18199,True,d96_hh34,head
d96_224,middle_class,53,2,1,0,0.7,17096,True,d96_hh34,partner
d175_429,retired,71,2,1,0,0.3,25880,True,d175_hh164,head
d175_186,middle_class,39,5,0,0,0.7,42415,True,d175_hh164,partner
d178_72,rural_worker,44,1,1,0,0.7,13843,True,d178_hh254,head
d178_228,farmer_agricultural,72,1,1,0,0.75,6150,True,d178_hh254,partner
d41_15,rural_worker,53,1,1,0,0.7,21621,True,d41_hh198,head
d41_455,retired,57,3,0,0,0.3,4437,True,d41_hh198,partner
d209_466,farmer_agricultural,51,2,0,0,0.75,39704,True,d209_hh51,head
d209_365,farmer_agricultural,52,2,1,0,0.75,19638,True,d209_hh51,partner
d152_446,low_income,34,0,1,0,0.5,13503,True,d152_hh247,head
d203_167,affluent_professional,32,5,0,0,0.6,29422,True,d203_hh43,head
d203_242,working_class,43,1,0,0,0.65,44058,True,d203_hh43,partner
d172_222,middle_class,49,5,1,0,0.7,32620,True,d172_hh177,head
d172_342,middle_class,36,2,1,0,0.7,39282,True,d172_hh177,partner
d17_30,retired,71,0,0,0,0.3,19016,True,d17_hh29,head
d17_28,farmer_agricultural,56,3,1,0,0.75,26385,True,d17_hh29,partner
d205_466,middle_class,62,4,1,0,0.7,43220,True,d205_hh95,head
d25_207,retired,60,2,0,0,0.3,29322,True,d25_hh70,head
d25_149,middle_class,47,3,1,0,0.7,51658,True,d25_hh70,partner
d6_153,middle_class,49,4,1,0,0.7,45904,True,d6_hh258,head
d6_396,rural_worker,30,0,1,0,0.7,22064,True,d6_hh258,partner
d41_344,rural_worker,52,1,0,0,0.7,33352,True,d41_hh208,head
d41_381,farmer_agricultural,42,2,0,0,0.75,46234,True,d41_hh208,partner
d75_79,working_class,47,2,0,0,0.65,27530,True,d75_hh129,head
d75_358,working_class,43,1,0,0,0.65,26957,True,d75_hh129,partner
d58_310,student,26,6,1,0,0.05,11577,True,d58_hh135,head
d58_255,working_class,45,2,0,0,0.65,13860,True,d58_hh135,partner
d133_310,retired,78,5,1,0,0.3,21619,True,d133_hh70,head
d133_201,working_class,56,1,1,0,0.65,19385,True,d133_hh70,partner
d170_303,middle_class,60,3,0,0,0.7,37840,True,d170_hh20,head
d170_111,retired,69,1,0,0,0.3,21992,True,d170_hh20,partner
d209_75,retired,78,2,1,0,0.3,19280,True,d209_hh11,head
d170_403,middle_class,53,3,0,0,0.7,47560,True,d170_hh244,head
d128_394,retired,76,5,1,0,0.3,40099,True,d128_hh169,head
d128_257,rural_worker,40,2,0,0,0.7,24440,True,d128_hh169,partner
d117_439,working_class,53,2,1,0,0.65,24619,True,d117_hh16,head
d117_245,farmer_agricultural,58,2,1,0,0.75,13679,True,d117_hh16,partner
d10_500,farmer_agricultural,58,0,1,0,0.75,22672,True,d10_hh242,head
d10_503,farmer_agricultural,52,3,0,0,0.75,23059,True,d10_hh242,partner
d37_140,middle_class,38,5,0,0,0.7,39375,True,d37_hh231,head
d37_173,working_class,45,0,1,0,0.65,16127,True,d37_hh231,partner
d204_228,retired,74,0,0,0,0.3,37995,True,d204_hh43,head
d97_60,low_income,19,1,0,0,0.5,2099,True,d97_hh17,head
d9_184,farmer_agricultural,45,1,0,0,0.75,17768,True,d9_hh190,head
d9_398,retired,81,2,0,0,0.3,21519,True,d9_hh190,partner
d170_413,rural_worker,69,1,0,0,0.7,16168,True,d170_hh39,head
d170_104,rural_worker,50,0,0,0,0.7,23969,True,d170_hh39,partner
d113_265,working_class,43,0,1,0,0.65,27103,True,d113_hh147,head
d113_122,farmer_agricultural,57,1,0,0,0.75,21302,True,d113_hh147,partner
d65_428,farmer_agricultural,46,1,1,0,0.75,39933,True,d65_hh67,head
d65_100,retired,75,4,1,0,0.3,20659,True,d65_hh67,partner
d111_402,farmer_agricultural,48,2,1,0,0.75,16813,True,d111_hh131,head
d111_49,working_class,41,2,1,0,0.65,36664,True,d111_hh131,partner
d46_31,retired,62,4,1,0,0.3,19487,True,d46_hh131,head
d180_213,young_professional,25,7,1,0,0.2,33263,True,d180_hh66,head
d180_371,working_class,35,1,0,0,0.65,40221,True,d180_hh66,partner
d148_465,farmer_agricultural,35,3,0,0,0.75,-1938,True,d148_hh45,head
d148_383,farmer_agricultural,56,2,1,0,0.75,51038,True,d148_hh45,partner
d148_126,retired,66,4,0,0,0.3,10729,True,d148_hh45,partner
d3_9,retired,71,3,1,0,0.3,14637,True,d3_hh258,head
d179_245,rural_worker,56,0,1,0,0.7,26140,True,d179_hh82,head
d179_129,affluent_professional,32,6,0,0,0.6,78389,True,d179_hh82,partner
d155_83,working_class,45,5,1,0,0.65,12162,True,d155_hh104,head
d155_483,rural_worker,30,1,1,0,0.7,30346,True,d155_hh104,partner
d92_467,rural_worker,48,2,0,0,0.7,28884,True,d92_hh186,head
d92_453,rural_worker,27,2,1,0,0.7,20047,True,d92_hh186,partner
d204_427,middle_class,59,5,1,0,0.7,49163,True,d204_hh117,head
d213_469,middle_class,56,3,1,0,0.7,29169,True,d213_hh205,head
d213_213,rural_worker,26,1,0,0,0.7,14087,True,d213_hh205,partner
d69_387,middle_class,36,4,0,0,0.7,39147,True,d69_hh151,head
d69_228,student,19,3,1,0,0.05,-2367,True,d69_hh151,partner
d51_121,working_class,42,3,0,0,0.65,35419,True,d51_hh180,head
d51_393,young_professional,24,6,0,0,0.2,39476,True,d51_hh180,partner
d165_92,middle_class,54,2,0,0,0.7,28073,True,d165_hh19,head
d165_289,middle_class,45,3,0,0,0.7,29128,True,d165_hh19,partner
d153_18,affluent_professional,24,5,0,0,0.6,78076,True,d153_hh63,head
d1_63,middle_class,61,7,1,0,0.7,35845,True,d1_hh51,head
d1_158,farmer_agricultural,59,1,1,0,0.75,43957,True,d1_hh51,partner
d43_250,retired,75,2,1,0,0.3,6386,True,d43_hh257,head
d102_78,working_class,39,1,0,0,0.65,28128,True,d102_hh77,head
d102_255,affluent_professional,38,7,1,0,0.6,68862,True,d102_hh77,partner
d26_101,young_professional,29,5,1,0,0.2,5569,True,d26_hh288,head
d40_447,middle_class,42,2,0,0,0.7,37573,True,d40_hh6,head
d40_451,rural_worker,48,0,1,0,0.7,15545,True,d40_hh6,partner
d110_97,retired,74,4,1,0,0.3,28827,True,d110_hh154,head
d110_176,middle_class,37,4,1,0,0.7,38856,True,d110_hh154,partner
d15_173,farmer_agricultural,47,1,0,0,0.75,17392,True,d15_hh230,head
d15_367,affluent_professional,32,8,1,0,0.6,64804,True,d15_hh230,partner
d15_310,retired,66,0,1,0,0.3,20434,True,d15_hh230,partner
d85_26,farmer_agricultural,60,4,1,0,0.75,56661,True,d85_hh227,head
d85_381,rural_worker,49,0,0,0,0.7,32261,True,d85_hh227,partner
d170_304,rural_worker,40,2,0,0,0.7,9058,True,d170_hh29,head
d170_165,middle_class,48,3,0,0,0.7,47735,True,d170_hh29,partner
d49_193,young_professional,21,5,0,0,0.2,25649,True,d49_hh101,head
d49_103,low_income,60,0,1,0,0.5,16918,True,d49_hh101,partner
d25_462,working_class,40,1,0,0,0.65,18880,True,d25_hh141,head
d25_424,rural_worker,44,2,0,0,0.7,20233,True,d25_hh141,partner
d37_145,farmer_agricultural,40,2,0,0,0.75,4297,True,d37_hh101,head
d37_23,rural_worker,49,2,0,0,0.7,19383,True,d37_hh101,partner
d37_388,retired,66,1,1,0,0.3,26231,True,d37_hh101,partner
d12_328,rural_worker,35,2,1,0,0.7,21520,True,d12_hh169,head
d12_294,retired,69,1,0,0,0.3,8791,True,d12_hh169,partner
d63_255,farmer_agricultural,64,3,0,0,0.75,29681,True,d63_hh194,head
d70_87,middle_class,20,4,1,0,0.7,29752,True,d70_hh142,head
d70_230,working_class,47,1,0,0,0.65,17086,True,d70_hh142,partner
d39_406,low_income,17,2,1,0,0.5,16497,True,d39_hh225,head
d145_107,rural_worker,40,1,1,0,0.7,19168,True,d145_hh168,head
d13_270,middle_class,45,6,0,0,0.7,42252,True,d13_hh252,head
d13_216,middle_class,25,5,0,0,0.7,44665,True,d13_hh252,partner
d180_173,retired,74,3,0,0,0.3,7306,True,d180_hh213,head
d180_240,young_professional,30,5,1,0,0.2,20514,True,d180_hh213,partner
d111_35,working_class,42,2,0,0,0.65,32532,True,d111_hh167,head
d24_155,rural_worker,34,1,0,0,0.7,19189,True,d24_hh66,head
d24_379,retired,74,4,0,0,0.3,38457,True,d24_hh66,partner
d197_427,affluent_professional,35,6,1,0,0.6,91093,True,d197_hh140,head
d197_62,working_class,55,3,0,0,0.65,24415,True,d197_hh140,partner
d19_309,retired,70,3,1,0,0.3,17576,True,d19_hh124,head
d19_137,rural_worker,44,0,0,0,0.7,20907,True,d19_hh124,partner
d185_250,rural_worker,42,1,1,0,0.7,26417,True,d185_hh123,head
d185_314,affluent_professional,23,8,1,0,0.6,42991,True,d185_hh123,partner
d119_397,middle_class,58,4,0,0,0.7,33106,True,d119_hh20,head
d119_378,middle_class,44,3,1,0,0.7,44133,True,d119_hh20,partner
d34_243,retired,67,2,0,0,0.3,23583,True,d34_hh171,head
d122_385,working_class,40,1,1,0,0.65,39924,True,d122_hh270,head
d170_185,rural_worker,44,0,1,0,0.7,34056,True,d170_hh287,head
d170_401,rural_worker,41,2,0,0,0.7,18502,True,d170_hh287,partner
d168_456,retired,76,4,0,0,0.3,20298,True,d168_hh149,head
d61_435,rural_worker,41,2,1,0,0.7,36007,True,d61_hh27,head
d71_41,working_class,46,4,0,0,0.65,33589,True,d71_hh172,head
d71_26,rural_worker,40,1,0,0,0.7,20801,True,d71_hh172,partner
d9_145,retired,78,0,0,0,0.3,27785,True,d9_hh65,head
d167_407,farmer_agricultural,26,1,1,0,0.75,39519,True,d167_hh215,head
d167_167,rural_worker,61,0,0,0,0.7,19309,True,d167_hh215,partner
d38_472,retired,64,1,1,0,0.3,33277,True,d38_hh71,head
d215_129,rural_worker,59,2,1,0,0.7,40026,True,d215_hh128,head
d215_217,rural_worker,49,1,0,0,0.7,23465,True,d215_hh128,partner
d181_280,affluent_professional,53,6,1,0,0.6,67339,True,d181_hh216,head
d189_282,affluent_professional,53,6,0,0,0.6,40940,True,d189_hh290,head
d189_14,affluent_professional,38,5,0,0,0.6,78162,True,d189_hh290,partner
d6_32,working_class,68,2,0,0,0.65,25348,True,d6_hh228,head
d6_349,working_class,42,3,1,0,0.65,34827,True,d6_hh228,partner
d215_108,farmer_agricultural,44,3,0,0,0.75,53738,True,d215_hh89,head
d215_226,farmer_agricultural,58,3,0,0,0.75,15006,True,d215_hh89,partner
d107_453,rural_worker,60,1,1,0,0.7,34905,True,d107_hh139,head
d107_344,middle_class,54,5,1,0,0.7,49995,True,d107_hh139,partner
d113_435,farmer_agricultural,59,1,0,0,0.75,26334,True,d113_hh64,head
d113_71,working_class,45,3,1,0,0.65,17684,True,d113_hh64,partner
d137_193,retired,71,1,0,0,0.3,12035,True,d137_hh134,head
d137_357,middle_class,52,5,0,0,0.7,36292,True,d137_hh134,partner
d59_441,retired,70,3,0,0,0.3,27458,True,d59_hh81,head
d59_15,rural_worker,30,0,1,0,0.7,21349,True,d59_hh81,partner
d59_470,retired,89,1,0,0,0.3,19496,True,d59_hh81,partner
d133_349,working_class,35,3,0,0,0.65,21696,True,d133_hh119,head
d133_406,rural_worker,42,0,1,0,0.7,12350,True,d133_hh119,partner
d103_45,rural_worker,60,2,0,0,0.7,36954,True,d103_hh245,head
d103_438,rural_worker,43,1,1,0,0.7,33043,True,d103_hh245,partner
d146_17,farmer_agricultural,56,1,1,0,0.75,28422,True,d146_hh123,head
d146_361,working_class,47,2,1,0,0.65,35538,True,d146_hh123,partner
d146_18,retired,81,2,0,0,0.3,17155,True,d146_hh123,partner
d146_312,retired,76,1,1,0,0.3,20444,True,d146_hh123,partner
d207_511,retired,72,3,0,0,0.3,31974,True,d207_hh76,head
d207_385,farmer_agricultural,53,1,0,0,0.75,23054,True,d207_hh76,partner
d91_157,farmer_agricultural,74,3,0,0,0.75,5910,True,d91_hh123,head
d91_45,rural_worker,55,1,0,0,0.7,36782,True,d91_hh123,partner
d194_207,working_class,46,4,0,0,0.65,23685,True,d194_hh188,head
d194_238,retired,65,3,0,0,0.3,25518,True,d194_hh188,partner
d214_232,retired,59,2,0,0,0.3,33482,True,d214_hh15,head
d112_435,working_class,55,0,0,0,0.65,29765,True,d112_hh150,head
d112_49,retired,82,2,0,0,0.3,21337,True,d112_hh150,partner
d143_97,retired,68,2,1,0,0.3,38031,True,d143_hh169,head
d143_408,rural_worker,31,3,0,0,0.7,23181,True,d143_hh169,partner
d13_340,middle_class,55,6,0,0,0.7,12449,True,d13_hh228,head
d13_125,rural_worker,37,1,0,0,0.7,21265,True,d13_hh228,partner
d187_263,middle_class,44,4,0,0,0.7,30298,True,d187_hh252,head
d187_367,affluent_professional,53,6,1,0,0.6,52084,True,d187_hh252,partner
d108_330,working_class,46,0,1,0,0.65,27114,True,d108_hh155,head
d153_179,young_professional,29,6,1,0,0.2,10595,True,d153_hh24,head
d208_92,working_class,55,2,1,0,0.65,9345,True,d208_hh209,head
d208_424,retired,66,0,0,0,0.3,25849,True,d208_hh209,partner
d184_318,working_class,45,2,1,0,0.65,24053,True,d184_hh59,head
d184_218,middle_class,37,4,0,0,0.7,31364,True,d184_hh59,partner
d120_472,working_class,28,2,1,0,0.65,29934,True,d120_hh245,head
d180_114,affluent_professional,43,5,0,0,0.6,103270,True,d180_hh35,head
d180_239,young_professional,21,7,1,0,0.2,38083,True,d180_hh35,partner
d115_444,young_professional,30,4,0,0,0.2,18235,True,d115_hh5,head
d19_59,retired,63,3,1,0,0.3,30956,True,d19_hh46,head
d19_246,retired,74,1,1,0,0.3,23887,True,d19_hh46,partner
d89_85,farmer_agricultural,47,1,0,0,0.75,47090,True,d89_hh30,head
d103_105,farmer_agricultural,57,0,0,0,0.75,18057,True,d103_hh206,head
d103_152,rural_worker,41,0,0,0,0.7,20703,True,d103_hh206,partner
d168_269,affluent_professional,43,5,1,0,0.6,65758,True,d168_hh63,head
d168_424,affluent_professional,36,6,0,0,0.6,43109,True,d168_hh63,partner
d130_9,rural_worker,46,2,0,0,0.7,21767,True,d130_hh45,head
d130_263,farmer_agricultural,42,3,1,0,0.75,16791,True,d130_hh45,partner
d196_333,farmer_agricultural,36,2,0,0,0.75,39560,True,d196_hh175,head
d196_381,retired,57,2,1,0,0.3,17544,True,d196_hh175,partner
d32_197,working_class,46,1,0,0,0.65,23336,True,d32_hh69,head
d32_398,rural_worker,38,1,0,0,0.7,28770,True,d32_hh69,partner
d194_184,middle_class,40,3,0,0,0.7,60302,True,d194_hh153,head
d107_368,farmer_agricultural,50,2,0,0,0.75,50743,True,d107_hh214,head
d107_380,working_class,48,2,0,0,0.65,25509,True,d107_hh214,partner
d7_389,retired,70,5,1,0,0.3,20582,True,d7_hh7,head
d7_320,middle_class,43,4,1,0,0.7,48789,True,d7_hh7,partner
d182_159,rural_worker,49,0,0,0,0.7,27016,True,d182_hh49,head
d182_337,middle_class,49,2,1,0,0.7,44149,True,d182_hh49,partner
d35_106,working_class,40,1,0,0,0.65,13298,True,d35_hh11,head
d35_119,working_class,72,1,1,0,0.65,10390,True,d35_hh11,partner
d176_201,working_class,48,2,0,0,0.65,22118,True,d176_hh73,head
d24_272,working_class,36,2,0,0,0.65,23201,True,d24_hh204,head
d24_380,affluent_professional,42,7,0,0,0.6,67412,True,d24_hh204,partner
d19_288,working_class,42,2,0,0,0.65,21198,True,d19_hh72,head
d19_367,affluent_professional,44,8,1,0,0.6,49230,True,d19_hh72,partner
d31_51,rural_worker,33,0,1,0,0.7,23301,True,d31_hh226,head
d31_102,middle_class,51,5,1,0,0.7,34337,True,d31_hh226,partner
d53_137,farmer_agricultural,48,2,0,0,0.75,16446,True,d53_hh43,head
d53_430,farmer_agricultural,41,1,0,0,0.75,9059,True,d53_hh43,partner
d193_470,farmer_agricultural,50,4,0,0,0.75,28662,True,d193_hh20,head
d193_6,farmer_agricultural,55,2,1,0,0.75,14549,True,d193_hh20,partner
d57_95,working_class,37,2,0,0,0.65,33758,True,d57_hh33,head
d57_172,middle_class,52,3,1,0,0.7,35088,True,d57_hh33,partner
d167_156,rural_worker,52,2,0,0,0.7,33128,True,d167_hh120,head
d167_459,retired,66,3,0,0,0.3,1577,True,d167_hh120,partner
d103_452,middle_class,51,5,0,0,0.7,43238,True,d103_hh216,head
d103_274,rural_worker,44,1,1,0,0.7,24435,True,d103_hh216,partner
d213_225,middle_class,53,6,0,0,0.7,18560,True,d213_hh196,head
d213_437,middle_class,40,1,1,0,0.7,22293,True,d213_hh196,partner
d32_158,retired,79,0,1,0,0.3,23553,True,d32_hh110,head
d32_50,retired,79,4,0,0,0.3,9015,True,d32_hh110,partner
d9_104,farmer_agricultural,53,3,1,0,0.75,33682,True,d9_hh0,head
d9_230,farmer_agricultural,49,2,0,0,0.75,15710,True,d9_hh0,partner
d6_384,rural_worker,52,0,0,0,0.7,20316,True,d6_hh188,head
d6_505,retired,66,3,0,0,0.3,28885,True,d6_hh188,partner
d58_387,young_professional,30,5,0,0,0.2,18984,True,d58_hh274,head
d58_152,student,25,6,0,0,0.05,22768,True,d58_hh274,partner
d113_44,rural_worker,35,2,1,0,0.7,28159,True,d113_hh53,head
d113_180,farmer_agricultural,45,2,0,0,0.75,19040,True,d113_hh53,partner
d181_80,affluent_professional,30,5,1,0,0.6,100597,True,d181_hh275,head
d181_444,working_class,46,2,1,0,0.65,25861,True,d181_hh275,partner
d38_462,rural_worker,46,1,0,0,0.7,24145,True,d38_hh172,head
d38_210,retired,60,2,1,0,0.3,20287,True,d38_hh172,partner
d111_73,farmer_agricultural,49,1,1,0,0.75,29179,True,d111_hh71,head
d111_438,farmer_agricultural,39,3,1,0,0.75,26056,True,d111_hh71,partner
d195_247,retired,71,3,1,0,0.3,7174,True,d195_hh7,head
d97_196,middle_class,33,3,1,0,0.7,18549,True,d97_hh164,head
d138_147,middle_class,54,6,0,0,0.7,41058,True,d138_hh1,head
d138_167,rural_worker,33,1,0,0,0.7,20737,True,d138_hh1,partner
d63_100,farmer_agricultural,42,0,1,0,0.75,15042,True,d63_hh260,head
d63_29,rural_worker,35,1,1,0,0.7,19145,True,d63_hh260,partner
d169_401,young_professional,19,5,0,0,0.2,34652,True,d169_hh25,head
d173_160,young_professional,37,5,0,0,0.2,36383,True,d173_hh164,head
d173_256,low_income,11,0,1,0,0.5,19262,True,d173_hh164,partner
d197_22,middle_class,47,3,1,0,0.7,40615,True,d197_hh71,head
d197_401,working_class,52,4,0,0,0.65,24749,True,d197_hh71,partner
d83_360,retired,57,1,1,0,0.3,36051,True,d83_hh269,head
d83_73,farmer_agricultural,34,0,0,0,0.75,16643,True,d83_hh269,partner
d86_381,retired,67,4,0,0,0.3,17241,True,d86_hh201,head
d199_393,farmer_agricultural,44,2,1,0,0.75,38040,True,d199_hh46,head
d199_312,retired,72,2,0,0,0.3,21936,True,d199_hh46,partner
d31_371,retired,66,2,1,0,0.3,14240,True,d31_hh125,head
d31_452,working_class,55,1,0,0,0.65,19466,True,d31_hh125,partner
d53_80,farmer_agricultural,44,0,1,0,0.75,75846,True,d53_hh51,head
d53_98,farmer_agricultural,42,1,0,0,0.75,61276,True,d53_hh51,partner
d104_415,retired,71,0,0,0,0.3,17056,True,d104_hh44,head
d154_481,middle_class,56,3,1,0,0.7,45548,True,d154_hh236,head
d154_468,working_class,49,3,0,0,0.65,37654,True,d154_hh236,partner
d22_248,farmer_agricultural,55,0,0,0,0.75,-1174,True,d22_hh23,head
d22_295,farmer_agricultural,68,2,1,0,0.75,19941,True,d22_hh23,partner
d189_359,middle_class,59,3,0,0,0.7,36191,True,d189_hh142,head
d100_363,rural_worker,43,0,1,0,0.7,25030,True,d100_hh200,head
d73_357,young_professional,26,8,1,0,0.2,26956,True,d73_hh232,head
d73_257,student,33,3,0,0,0.05,9100,True,d73_hh232,partner
d35_23,affluent_professional,33,4,1,0,0.6,46154,True,d35_hh224,head
d35_226,retired,81,1,0,0,0.3,19818,True,d35_hh224,partner
d201_239,working_class,37,0,0,0,0.65,29260,True,d201_hh60,head
d201_262,retired,55,5,0,0,0.3,23152,True,d201_hh60,partner
d23_329,farmer_agricultural,51,1,0,0,0.75,11664,True,d23_hh12,head
d23_84,middle_class,53,2,0,0,0.7,16735,True,d23_hh12,partner
d42_33,retired,63,0,0,0,0.3,32990,True,d42_hh203,head
d35_284,middle_class,24,3,0,0,0.7,65430,True,d35_hh110,head
d35_379,affluent_professional,39,7,0,0,0.6,98160,True,d35_hh110,partner
d106_53,working_class,31,0,0,0,0.65,26457,True,d106_hh93,head
d106_380,middle_class,53,5,1,0,0.7,37817,True,d106_hh93,partner
d54_105,farmer_agricultural,50,1,1,0,0.75,41927,True,d54_hh193,head
d54_214,farmer_agricultural,61,2,1,0,0.75,-11397,True,d54_hh193,partner
d36_506,farmer_agricultural,61,-1,1,0,0.75,18337,True,d36_hh201,head
d172_113,young_professional,20,5,0,0,0.2,36644,True,d172_hh207,head
d151_414,working_class,46,0,0,0,0.65,28320,True,d151_hh163,head
d217_422,farmer_agricultural,61,2,0,0,0.75,26075,True,d217_hh7,head
d217_281,farmer_agricultural,50,3,1,0,0.75,36596,True,d217_hh7,partner
d167_37,farmer_agricultural,43,1,0,0,0.75,35565,True,d167_hh35,head
d167_381,retired,69,4,1,0,0.3,28990,True,d167_hh35,partner
d75_319,farmer_agricultural,40,2,1,0,0.75,5671,True,d75_hh49,head
d75_427,middle_class,38,3,0,0,0.7,68559,True,d75_hh49,partner
d128_508,farmer_agricultural,35,2,0,0,0.75,36338,True,d128_hh202,head
d128_120,working_class,47,1,1,0,0.65,30495,True,d128_hh202,partner
d93_151,rural_worker,38,2,1,0,0.7,33443,True,d93_hh147,head
d93_382,farmer_agricultural,52,3,0,0,0.75,34462,True,d93_hh147,partner
d50_57,middle_class,48,2,1,0,0.7,35627,True,d50_hh193,head
d24_419,middle_class,48,1,0,0,0.7,24786,True,d24_hh256,head
d24_261,farmer_agricultural,57,2,0,0,0.75,59238,True,d24_hh256,partner
d24_229,retired,76,3,0,0,0.3,36510,True,d24_hh256,partner
d24_39,working_class,78,3,0,0,0.65,22350,True,d24_hh256,partner
d105_36,rural_worker,60,0,1,0,0.7,18846,True,d105_hh156,head
d105_139,farmer_agricultural,51,1,1,0,0.75,26023,True,d105_hh156,partner
d74_286,rural_worker,47,1,0,0,0.7,31328,True,d74_hh47,head
d74_48,rural_worker,36,2,0,0,0.7,2316,True,d74_hh47,partner
d128_220,retired,72,2,0,0,0.3,39534,True,d128_hh88,head
d13_319,rural_worker,58,2,0,0,0.7,24251,True,d13_hh247,head
d13_28,middle_class,46,5,0,0,0.7,17418,True,d13_hh247,partner
d45_127,retired,65,2,0,0,0.3,27787,True,d45_hh100,head
d45_49,retired,75,2,1,0,0.3,16303,True,d45_hh100,partner
d37_365,farmer_agricultural,44,2,0,0,0.75,25844,True,d37_hh243,head
d37_137,middle_class,68,4,0,0,0.7,64128,True,d37_hh243,partner
d99_375,farmer_agricultural,26,2,1,0,0.75,39184,True,d99_hh109,head
d99_481,rural_worker,56,2,0,0,0.7,16649,True,d99_hh109,partner
d15_50,middle_class,58,1,0,0,0.7,43510,True,d15_hh112,head
d15_139,middle_class,24,5,1,0,0.7,46353,True,d15_hh112,partner
d94_37,middle_class,53,6,1,0,0.7,24309,True,d94_hh176,head
d94_151,rural_worker,39,0,0,0,0.7,27410,True,d94_hh176,partner
d140_312,middle_class,29,2,1,0,0.7,53112,True,d140_hh67,head
d140_1,rural_worker,41,0,1,0,0.7,21178,True,d140_hh67,partner
d4_451,middle_class,42,5,0,0,0.7,42100,True,d4_hh47,head
d4_108,young_professional,35,6,0,0,0.2,14743,True,d4_hh47,partner
d30_273,retired,62,2,0,0,0.3,3049,True,d30_hh20,head
d30_159,working_class,54,1,1,0,0.65,24569,True,d30_hh20,partner
d71_283,retired,71,2,0,0,0.3,28670,True,d71_hh11,head
d92_7,working_class,62,1,0,0,0.65,26977,True,d92_hh205,head
d44_284,working_class,67,3,1,0,0.65,19243,True,d44_hh186,head
d44_249,retired,71,2,0,0,0.3,21652,True,d44_hh186,partner
d90_59,middle_class,50,3,1,0,0.7,39257,True,d90_hh185,head
d90_74,retired,66,1,1,0,0.3,43673,True,d90_hh185,partner
d168_306,middle_class,38,4,0,0,0.7,46644,True,d168_hh232,head
d126_290,middle_class,61,3,0,0,0.7,36495,True,d126_hh96,head
d126_345,affluent_professional,49,6,0,0,0.6,38497,True,d126_hh96,partner
d143_34,rural_worker,49,1,0,0,0.7,23438,True,d143_hh270,head
d143_162,retired,65,3,1,0,0.3,19574,True,d143_hh270,partner
d139_297,middle_class,41,4,0,0,0.7,35364,True,d139_hh145,head
d139_490,retired,62,2,1,0,0.3,27909,True,d139_hh145,partner
d153_236,student,24,5,1,0,0.05,8362,True,d153_hh165,head
d153_84,young_professional,34,5,0,0,0.2,35046,True,d153_hh165,partner
d153_70,working_class,33,3,1,0,0.65,20707,True,d153_hh165,partner
d153_363,low_income,38,1,0,0,0.5,7141,True,d153_hh165,partner
d153_214,affluent_professional,31,6,0,0,0.6,65632,True,d153_hh165,partner
d212_453,middle_class,56,5,0,0,0.7,46582,True,d212_hh16,head
d212_284,middle_class,43,4,0,0,0.7,35786,True,d212_hh16,partner
d111_413,working_class,58,2,0,0,0.65,27552,True,d111_hh252,head
d111_258,rural_worker,55,1,0,0,0.7,23049,True,d111_hh252,partner
d80_85,retired,88,4,1,0,0.3,3777,True,d80_hh175,head
d80_208,farmer_agricultural,43,3,0,0,0.75,29373,True,d80_hh175,partner
d208_389,rural_worker,36,2,0,0,0.7,16753,True,d208_hh42,head
d23_418,working_class,38,2,0,0,0.65,25178,True,d23_hh162,head
d23_513,retired,57,3,1,0,0.3,32830,True,d23_hh162,partner
d71_169,middle_class,36,4,1,0,0.7,25074,True,d71_hh51,head
d71_375,farmer_agricultural,51,1,1,0,0.75,36852,True,d71_hh51,partner
d122_224,working_class,35,3,1,0,0.65,28949,True,d122_hh85,head
d159_46,retired,75,3,0,0,0.3,23676,True,d159_hh294,head
d159_208,middle_class,57,4,1,0,0.7,38557,True,d159_hh294,partner
d97_398,working_class,37,2,1,0,0.65,14643,True,d97_hh14,head
d97_110,middle_class,66,2,0,0,0.7,38054,True,d97_hh14,partner
d81_262,middle_class,36,4,1,0,0.7,47455,True,d81_hh182,head
d81_282,retired,69,2,0,0,0.3,10070,True,d81_hh182,partner
d38_171,working_class,36,5,1,0,0.65,14947,True,d38_hh134,head
d38_54,farmer_agricultural,53,0,0,0,0.75,25350,True,d38_hh134,partner
d36_125,rural_worker,34,2,1,0,0.7,36755,True,d36_hh153,head
d111_211,farmer_agricultural,51,2,1,0,0.75,12619,True,d111_hh69,head
d111_407,middle_class,37,2,1,0,0.7,46782,True,d111_hh69,partner
